states,cities,population,violent_crime,murder,rape,robbery,agrv_assault,prop_crime,burglary,larceny,vehicle_theft
California,Alameda,"75,467",212.0,1.3,11.91,106.0,92.8,777.3285714285714,392.2,798.0586206896552,390.9
Georgia,Albany,"78,512",342.0057553956834,5.1,34.4,285.3,710.7,777.3285714285714,521.5048780487805,798.0586206896552,285.3
New York,Albany,"98,187",816.8,4.1,43.8,253.6,515.3,777.3285714285714,903.4,798.0586206896552,156.8
California,Alhambra,"84,469",176.4,5.49954128440367,2.4,78.1,95.9,777.3285714285714,384.8,798.0586206896552,301.9
Texas,Allen,"88,783",61.9,5.49954128440367,12.4,14.6,34.9,777.3285714285714,242.2,798.0586206896552,49.6
Georgia,Alpharetta,"60,031",70.0,1.7,10.0,30.0,28.3,777.3285714285714,211.6,798.0586206896552,45.0
California,Apple Valley,"70,823",312.0,4.2,9.9,91.8,206.1,777.3285714285714,979.9,798.0586206896552,286.6
Wisconsin,Appleton,"73,431",290.1,5.49954128440367,38.1,30.0,222.0,777.3285714285714,345.9,798.0586206896552,36.8
Illinois,Arlington Heights,"75,463",54.3,1.3,9.3,10.6,33.1,777.3285714285714,185.5,798.0586206896552,22.5
North Carolina,Asheville,"85,295",495.9,7.0,38.7,165.3,284.9,777.3285714285714,869.9,798.0586206896552,393.9
Washington,Auburn,"72,218",343.4,8.3,31.8,152.3,150.9,777.3285714285714,521.5048780487805,798.0586206896552,811.4
Arizona,Avondale,"78,364",297.3,8.9,5.1,91.9,191.4,777.3285714285714,874.1,798.0586206896552,312.6
California,Baldwin Park,"76,644",340.5,2.6,6.5,95.2,236.2,777.3285714285714,437.1,798.0586206896552,507.5
New Jersey,Bayonne,"64,036",206.1,5.49954128440367,9.4,64.0,132.7,777.3285714285714,320.1,874.5,81.2
Texas,Baytown,"74,420",331.9,6.7,20.2,130.3,174.7,777.3285714285714,521.5048780487805,798.0586206896552,412.5
Oregon,Beaverton,"92,276",152.8,5.49954128440367,22.8,39.0,91.0,777.3285714285714,212.4,798.0586206896552,119.2
California,Bellflower,"77,886",390.3,7.7,14.1,173.3,195.2,777.3285714285714,535.4,798.0586206896552,640.7
Washington,Bellingham,"82,665",266.1,5.49954128440367,35.1,64.1,166.9,777.3285714285714,742.8,798.0586206896552,166.9
Pennsylvania,Bensalem Township,"60,665",131.9,1.6,11.5,64.3,54.4,777.3285714285714,553.9,798.0586206896552,146.7
Pennsylvania,Bethlehem,"75,388",315.7,2.7,25.2,160.5,127.3,777.3285714285714,500.1,798.0586206896552,110.1
North Dakota,Bismarck,"64,103",340.1,1.6,48.4,25.0,265.2,777.3285714285714,499.2,798.0586206896552,160.7
Illinois,Bloomington,"77,107",482.4,1.3,54.5,58.4,368.3,777.3285714285714,463.0,798.0586206896552,57.1
Indiana,Bloomington,"81,636",297.7,3.7,22.0,51.4,220.5,777.3285714285714,761.9,798.0586206896552,185.0
Minnesota,Bloomington,"84,596",342.0057553956834,5.49954128440367,28.092157534246574,69.7,74.5,777.3285714285714,268.3,798.0586206896552,91.0
Florida,Boca Raton,"86,493",189.6,5.49954128440367,13.9,71.7,104.1,777.3285714285714,567.7,798.0586206896552,116.8
Illinois,Bolingbrook,"73,836",243.8,1.4,21.7,67.7,153.0,777.3285714285714,219.4,798.0586206896552,50.1
Louisiana,Bossier City,"63,116",373.9,3.2,30.1,82.4,258.3,777.3285714285714,660.7,798.0586206896552,109.3
Florida,Boynton Beach,"69,937",570.5,7.1,11.4,181.6,370.3,777.3285714285714,896.5,798.0586206896552,215.9
New Jersey,Brick Township,"75,809",106.8,5.49954128440367,7.9,21.1,77.8,777.3285714285714,349.6,798.0586206896552,21.1
Connecticut,Bristol,"60,688",153.2,4.9,14.8,84.0,49.4,777.3285714285714,585.0,798.0586206896552,184.6
Massachusetts,Brockton,"95,156",342.0057553956834,6.3,50.4,236.5,850.2,777.3285714285714,856.5,798.0586206896552,220.7
Minnesota,Brooklyn Park,"77,346",342.0057553956834,5.2,28.092157534246574,117.7,157.7,777.3285714285714,637.4,798.0586206896552,174.5
Texas,Bryan,"78,479",397.6,1.3,39.5,87.9,268.9,777.3285714285714,632.0,798.0586206896552,112.1
California,Buena Park,"82,505",249.7,1.2,15.8,93.3,139.4,777.3285714285714,414.5,798.0586206896552,374.5
Minnesota,Burnsville,"61,218",342.0057553956834,5.49954128440367,28.092157534246574,27.8,140.5,777.3285714285714,330.0,798.0586206896552,117.6
California,Camarillo,"66,506",91.7,5.49954128440367,7.5,31.6,52.6,777.3285714285714,209.0,798.0586206896552,73.7
New Jersey,Camden,"77,665",342.0057553956834,86.3,95.3,972.1,230.85529801324503,777.3285714285714,521.5048780487805,798.0586206896552,906.5
Ohio,Canton,"72,914",999.8,13.7,87.8,567.8,330.5,777.3285714285714,521.5048780487805,798.0586206896552,632.3
Indiana,Carmel,"81,819",13.4,5.49954128440367,2.4,7.3,3.7,987.5,138.1,793.2,56.2
California,Carson,"93,233",557.7,7.5,15.0,152.3,382.9,777.3285714285714,644.6,798.0586206896552,589.9
Illinois,Champaign,"81,329",911.1,3.7,62.7,166.0,678.7,777.3285714285714,887.8,798.0586206896552,99.6
New York,Cheektowaga Town,"79,178",221.0,5.49954128440367,24.0,83.4,113.7,777.3285714285714,426.9,798.0586206896552,109.9
New Jersey,Cherry Hill Township,"71,337",157.0,1.4,28.092157534246574,77.1,78.5,777.3285714285714,379.9,798.0586206896552,127.6
Wyoming,Cheyenne,"60,969",229.6,5.49954128440367,34.4,34.4,160.7,777.3285714285714,418.2,798.0586206896552,157.5
California,Chico,"87,090",323.8,1.1,52.8,109.1,160.8,777.3285714285714,893.3,798.0586206896552,291.7
California,Chino Hills,"76,632",83.5,5.49954128440367,2.6,28.7,52.2,777.3285714285714,456.7,706.0,84.8
California,Chino,"79,792",364.7,1.3,11.3,65.2,287.0,777.3285714285714,704.3,798.0586206896552,294.5
Illinois,Cicero,"84,300",449.6,5.9,21.4,217.1,205.2,777.3285714285714,843.4,798.0586206896552,338.1
California,Citrus Heights,"85,112",386.5,2.3,15.3,117.5,251.4,777.3285714285714,734.3,798.0586206896552,558.1
New York,Clarkstown Town,"80,186",94.8,5.49954128440367,5.0,33.7,56.1,777.3285714285714,133.4,798.0586206896552,31.2
New Jersey,Clifton,"84,684",217.3,5.49954128440367,15.4,94.5,107.5,777.3285714285714,422.7,798.0586206896552,166.5
Michigan,Clinton Township,"97,001",300.0,5.49954128440367,39.2,59.8,201.0,777.3285714285714,491.7,798.0586206896552,186.6
California,Clovis,"97,828",223.9,3.1,34.8,58.3,127.8,777.3285714285714,976.2,798.0586206896552,393.5
Texas,College Station,"96,567",508.5,3.1,35.2,39.4,430.8,777.3285714285714,596.5,798.0586206896552,62.1
New York,Colonie Town,"77,853",59.1,5.49954128440367,28.092157534246574,37.2,21.8,777.3285714285714,274.9,798.0586206896552,71.9
California,Compton,"98,057",342.0057553956834,21.4,33.7,436.5,750.6,777.3285714285714,585.4,798.0586206896552,835.2
Arkansas,Conway,"60,700",415.2,1.6,47.8,125.2,240.5,777.3285714285714,675.5,798.0586206896552,166.4
Minnesota,Coon Rapids,"62,301",342.0057553956834,1.6,28.092157534246574,25.7,67.4,777.3285714285714,311.4,798.0586206896552,96.3
Iowa,Council Bluffs,"62,708",342.0057553956834,1.6,106.8,129.2,948.8,777.3285714285714,521.5048780487805,798.0586206896552,754.3
Rhode Island,Cranston,"80,315",161.9,2.5,19.9,42.3,97.1,777.3285714285714,488.1,798.0586206896552,191.7
Connecticut,Danbury,"81,891",133.1,1.2,28.1,55.0,48.8,777.3285714285714,350.5,798.0586206896552,90.4
Florida,Davie,"94,952",388.6,5.3,24.2,77.9,281.2,777.3285714285714,702.5,798.0586206896552,253.8
California,Davis,"66,628",142.6,5.49954128440367,30.0,46.5,66.0,777.3285714285714,585.3,798.0586206896552,130.6
Florida,Daytona Beach,"61,861",342.0057553956834,6.5,37.2,289.4,822.8,777.3285714285714,521.5048780487805,798.0586206896552,559.3
Michigan,Dearborn,"97,215",331.2,1.0,24.7,110.1,195.4,777.3285714285714,475.2,798.0586206896552,367.2
Illinois,Decatur,"76,131",462.4,7.9,34.2,139.2,281.1,777.3285714285714,521.5048780487805,798.0586206896552,107.7
Florida,Deerfield Beach,"77,431",464.9,5.2,22.0,192.4,245.4,777.3285714285714,767.1,798.0586206896552,237.6
Florida,Delray Beach,"62,044",736.6,9.7,41.9,253.0,432.0,777.3285714285714,910.6,798.0586206896552,249.8
Alabama,Dothan,"66,275",481.3,7.5,45.3,150.9,277.6,777.3285714285714,521.5048780487805,798.0586206896552,196.2
Minnesota,Duluth,"86,830",342.0057553956834,2.3,28.092157534246574,103.7,245.3,777.3285714285714,739.4,798.0586206896552,198.1
Minnesota,Eagan,"65,180",342.0057553956834,5.49954128440367,28.092157534246574,16.9,23.0,777.3285714285714,277.7,798.0586206896552,67.5
New Jersey,East Orange,"64,682",562.8,7.7,34.0,219.5,301.5,777.3285714285714,539.6,739.0,522.6
Minnesota,Eden Prairie,"62,052",342.0057553956834,5.49954128440367,28.092157534246574,4.8,17.7,777.3285714285714,172.4,798.0586206896552,32.2
Texas,Edinburg,"80,332",444.4,1.2,36.1,62.2,344.8,777.3285714285714,521.5048780487805,798.0586206896552,260.2
Oklahoma,Edmond,"83,473",101.8,2.4,14.4,24.0,61.1,777.3285714285714,363.0,798.0586206896552,56.3
California,Encinitas,"60,960",246.1,1.6,19.7,37.7,187.0,777.3285714285714,477.4,798.0586206896552,124.7
Illinois,Evanston,"74,820",304.7,4.0,5.3,105.6,189.8,777.3285714285714,562.7,798.0586206896552,84.2
Connecticut,Fairfield,"60,122",54.9,5.49954128440367,3.3,21.6,29.9,777.3285714285714,384.2,798.0586206896552,116.4
Massachusetts,Fall River,"89,753",342.0057553956834,2.2,57.9,291.9,710.8,777.3285714285714,862.4,798.0586206896552,304.2
Michigan,Farmington Hills,"80,316",92.1,1.2,18.7,14.9,57.3,777.3285714285714,287.6,798.0586206896552,156.9
Arkansas,Fayetteville,"75,387",514.7,1.3,76.9,53.1,383.4,777.3285714285714,668.6,798.0586206896552,176.4
Washington,Federal Way,"91,978",321.8,3.3,46.8,115.2,156.6,777.3285714285714,521.5048780487805,798.0586206896552,867.6
Indiana,Fishers,"79,375",17.6,5.49954128440367,1.3,11.3,5.0,777.3285714285714,127.2,873.1,34.0
Arizona,Flagstaff,"66,633",393.2,5.49954128440367,42.0,67.5,283.6,777.3285714285714,363.2,798.0586206896552,88.5
Texas,Flower Mound,"68,023",30.9,5.49954128440367,28.092157534246574,7.4,23.5,827.7,157.3,645.4,25.0
California,Folsom,"73,678",115.4,5.49954128440367,9.5,32.6,73.3,777.3285714285714,319.0,798.0586206896552,107.2
Florida,Fort Myers,"64,379",342.0057553956834,37.3,40.4,267.2,826.4,777.3285714285714,787.5,798.0586206896552,310.7
Arkansas,Fort Smith,"87,483",785.3,5.7,78.9,108.6,592.1,777.3285714285714,521.5048780487805,798.0586206896552,209.2
Massachusetts,Framingham,"69,605",221.2,5.49954128440367,10.1,30.2,181.0,777.3285714285714,364.9,798.0586206896552,143.7
New Jersey,"Franklin Township, Somerset County","62,885",114.5,1.6,3.2,74.7,35.0,777.3285714285714,562.9,798.0586206896552,143.1
Tennessee,Franklin,"64,848",143.4,1.5,17.0,17.0,107.9,777.3285714285714,138.8,798.0586206896552,63.2
Maryland,Frederick,"66,808",570.3,1.5,38.9,158.7,371.2,777.3285714285714,366.7,798.0586206896552,190.1
Indiana,Gary,"80,472",904.7,46.0,69.6,341.7,447.4,777.3285714285714,521.5048780487805,798.0586206896552,963.1
North Carolina,Gastonia,"72,782",618.3,1.4,39.8,215.7,361.4,777.3285714285714,521.5048780487805,798.0586206896552,273.4
New Jersey,Gloucester Township,"64,898",320.5,5.49954128440367,10.8,63.2,246.5,777.3285714285714,607.1,798.0586206896552,95.5
Arizona,Goodyear,"67,033",153.7,5.49954128440367,17.9,35.8,100.0,777.3285714285714,714.6,798.0586206896552,159.6
New York,Greece Town,"96,752",133.3,5.49954128440367,18.6,47.5,67.2,777.3285714285714,423.8,798.0586206896552,79.6
Colorado,Greeley,"96,276",442.5,1.0,41.5,66.5,333.4,777.3285714285714,563.0,798.0586206896552,146.5
North Carolina,Greenville,"86,869",523.8,8.1,26.5,194.5,294.7,777.3285714285714,521.5048780487805,798.0586206896552,137.0
South Carolina,Greenville,"60,953",835.1,1.6,34.5,170.6,628.4,777.3285714285714,989.3,798.0586206896552,342.9
Connecticut,Greenwich,"61,948",37.1,5.49954128440367,3.2,9.7,24.2,594.0,72.6,485.9,35.5
Connecticut,Hamden,"61,032",527.6,3.3,4.9,63.9,455.5,777.3285714285714,321.1,798.0586206896552,158.9
New Jersey,"Hamilton Township, Mercer County","89,111",211.0,5.49954128440367,11.2,110.0,89.8,777.3285714285714,548.8,798.0586206896552,148.1
Ohio,Hamilton,"62,791",592.4,4.8,141.7,250.0,195.9,777.3285714285714,521.5048780487805,798.0586206896552,328.1
Indiana,Hammond,"81,010",820.9,7.4,22.2,237.0,554.3,777.3285714285714,521.5048780487805,798.0586206896552,455.5
Texas,Harlingen,"67,112",403.8,6.0,34.3,92.4,271.2,777.3285714285714,903.0,798.0586206896552,165.4
Massachusetts,Haverhill,"61,897",675.3,3.2,19.4,84.0,568.7,777.3285714285714,634.9,798.0586206896552,203.6
California,Hawthorne,"85,692",743.4,8.2,30.3,358.3,346.6,777.3285714285714,671.0,798.0586206896552,546.1
California,Hemet,"81,213",499.9,1.2,25.9,179.8,293.1,777.3285714285714,521.5048780487805,798.0586206896552,589.8
California,Hesperia,"92,383",435.1,6.5,18.4,74.7,335.6,777.3285714285714,992.6,798.0586206896552,433.0
Oregon,Hillsboro,"94,119",191.2,2.1,36.1,55.2,97.7,777.3285714285714,343.2,798.0586206896552,122.2
Florida,Homestead,"62,785",342.0057553956834,6.4,52.6,501.7,230.85529801324503,777.3285714285714,521.5048780487805,798.0586206896552,299.4
Alabama,Hoover,"82,332",104.5,2.4,15.8,55.9,30.4,777.3285714285714,477.3,798.0586206896552,103.2
California,Indio,"78,501",573.2,2.5,28.0,194.9,347.8,777.3285714285714,521.5048780487805,798.0586206896552,622.9
Iowa,Iowa City,"69,214",267.3,1.4,41.9,44.8,179.2,777.3285714285714,559.1,798.0586206896552,88.1
Tennessee,Jackson,"65,725",342.0057553956834,16.7,33.5,290.6,230.85529801324503,777.3285714285714,521.5048780487805,798.0586206896552,205.4
Wisconsin,Janesville,"63,642",281.3,3.1,33.0,55.0,190.1,777.3285714285714,532.7,798.0586206896552,102.1
Georgia,Johns Creek,"80,037",53.7,5.49954128440367,3.7,20.0,30.0,657.2,129.9,507.3,20.0
Tennessee,Johnson City,"64,342",495.8,1.6,21.8,79.3,393.2,777.3285714285714,839.3,798.0586206896552,150.8
Arkansas,Jonesboro,"68,807",428.7,5.8,30.5,113.4,279.0,777.3285714285714,521.5048780487805,798.0586206896552,148.2
California,Jurupa Valley,"97,577",319.7,1.0,12.3,95.3,211.1,777.3285714285714,749.2,798.0586206896552,680.5
Michigan,Kalamazoo,"74,797",878.4,12.0,102.9,220.6,542.8,777.3285714285714,521.5048780487805,798.0586206896552,200.5
Louisiana,Kenner,"67,110",207.1,3.0,17.9,90.9,95.4,777.3285714285714,576.7,798.0586206896552,222.0
Washington,Kennewick,"76,971",297.5,1.3,42.9,45.5,207.9,777.3285714285714,584.6,798.0586206896552,165.0
Wisconsin,Kenosha,"99,993",274.0,1.0,36.0,105.0,132.0,777.3285714285714,707.0,798.0586206896552,98.0
Florida,Kissimmee,"62,183",905.4,3.2,54.7,194.6,652.9,777.3285714285714,521.5048780487805,798.0586206896552,225.1
California,La Habra,"61,731",238.1,3.2,11.3,72.9,150.7,777.3285714285714,413.1,798.0586206896552,171.7
Indiana,Lafayette,"68,160",597.1,1.5,52.8,101.2,441.6,777.3285714285714,521.5048780487805,798.0586206896552,290.5
California,Laguna Niguel,"64,533",72.8,5.49954128440367,9.3,24.8,38.7,777.3285714285714,291.3,838.3,54.2
California,Lake Forest,"79,166",135.2,5.49954128440367,10.1,25.3,99.8,777.3285714285714,286.7,798.0586206896552,79.6
Florida,Lakeland,"99,934",465.3,10.0,33.0,144.1,278.2,777.3285714285714,521.5048780487805,798.0586206896552,185.1
New Jersey,Lakewood Township,"93,742",117.3,2.1,1.1,49.1,65.1,777.3285714285714,292.3,837.4,46.9
California,Lakewood,"81,382",278.9,1.2,16.0,125.3,136.4,777.3285714285714,455.9,798.0586206896552,380.9
Pennsylvania,Lancaster,"60,155",773.0,11.6,61.5,345.8,354.1,777.3285714285714,729.8,798.0586206896552,182.9
Florida,Largo,"78,783",500.1,1.3,54.6,144.7,299.6,777.3285714285714,728.6,798.0586206896552,165.0
New Mexico,Las Cruces,"99,824",394.7,5.0,56.1,70.1,263.5,777.3285714285714,992.7,798.0586206896552,214.4
Florida,Lauderhill,"69,046",850.2,11.6,27.5,350.5,460.6,777.3285714285714,521.5048780487805,798.0586206896552,267.9
Kansas,Lawrence,"89,180",414.9,5.49954128440367,58.3,59.4,297.2,777.3285714285714,677.3,798.0586206896552,227.6
Massachusetts,Lawrence,"77,661",342.0057553956834,2.6,32.2,287.1,688.9,777.3285714285714,690.2,956.7,883.3
Oklahoma,Lawton,"98,781",931.4,13.2,38.5,175.1,704.6,777.3285714285714,521.5048780487805,798.0586206896552,302.7
Utah,Layton,"69,420",121.0,5.49954128440367,47.5,10.1,63.4,777.3285714285714,469.6,798.0586206896552,99.4
Texas,League City,"86,127",91.7,5.49954128440367,18.6,32.5,40.6,777.3285714285714,347.2,798.0586206896552,80.1
Missouri,Lee's Summit,"91,840",118.7,5.49954128440367,14.2,26.1,78.4,777.3285714285714,286.4,798.0586206896552,117.6
California,Livermore,"82,800",363.5,5.49954128440367,18.1,38.6,306.8,777.3285714285714,374.4,798.0586206896552,212.6
Michigan,Livonia,"96,028",152.0,3.1,19.8,33.3,95.8,777.3285714285714,336.4,798.0586206896552,208.3
California,Lodi,"63,718",439.4,3.1,18.8,135.0,282.5,777.3285714285714,521.5048780487805,798.0586206896552,528.9
Colorado,Longmont,"88,925",211.4,5.49954128440367,12.4,33.7,165.3,777.3285714285714,403.7,798.0586206896552,118.1
Texas,Longview,"82,554",560.8,8.5,33.9,158.7,359.8,777.3285714285714,521.5048780487805,798.0586206896552,382.8
Ohio,Lorain,"64,148",506.6,6.2,53.0,212.0,235.4,777.3285714285714,521.5048780487805,798.0586206896552,183.9
Colorado,Loveland,"69,147",209.7,5.49954128440367,31.8,31.8,146.1,777.3285714285714,328.3,798.0586206896552,66.5
Virginia,Lynchburg,"77,347",345.2,3.9,44.0,59.5,237.9,777.3285714285714,471.9,798.0586206896552,89.2
Massachusetts,Lynn,"91,846",820.9,2.2,52.3,185.1,581.4,777.3285714285714,760.0,798.0586206896552,301.6
California,Lynwood,"70,908",763.0,12.7,33.8,297.6,418.9,777.3285714285714,493.6,709.4,733.3
Georgia,Macon,"92,836",628.0,22.6,44.2,260.7,300.5,777.3285714285714,521.5048780487805,798.0586206896552,538.6
California,Madera,"62,796",742.1,3.2,30.3,181.5,527.1,777.3285714285714,521.5048780487805,990.5,551.0
Massachusetts,Malden,"60,605",462.0,1.7,31.4,123.8,305.3,777.3285714285714,463.7,798.0586206896552,211.2
California,Manteca,"68,887",384.7,5.49954128440367,16.0,120.5,248.2,777.3285714285714,659.1,798.0586206896552,556.0
Minnesota,Maple Grove,"62,840",342.0057553956834,5.49954128440367,28.092157534246574,17.5,20.7,777.3285714285714,251.4,798.0586206896552,39.8
Washington,Marysville,"61,381",189.0,3.3,26.1,58.7,101.0,777.3285714285714,648.4,798.0586206896552,327.5
Oregon,Medford,"76,037",558.9,2.6,51.3,84.2,420.8,777.3285714285714,627.3,798.0586206896552,232.8
Florida,Melbourne,"77,133",853.1,7.8,62.2,172.4,610.6,777.3285714285714,840.1,798.0586206896552,154.3
California,Menifee,"80,047",108.7,1.2,5.0,30.0,72.5,777.3285714285714,633.4,798.0586206896552,407.3
California,Merced,"80,976",342.0057553956834,11.1,30.9,265.5,692.8,777.3285714285714,521.5048780487805,798.0586206896552,537.2
Connecticut,Meriden,"60,934",364.3,8.2,41.0,124.7,190.4,777.3285714285714,690.9,798.0586206896552,275.7
Idaho,Meridian,"77,270",119.1,5.49954128440367,16.8,11.6,90.6,777.3285714285714,284.7,798.0586206896552,25.9
Florida,Miami Beach,"91,066",342.0057553956834,5.5,46.1,446.9,534.8,777.3285714285714,521.5048780487805,798.0586206896552,487.6
New Jersey,Middletown Township,"66,919",67.2,1.5,9.0,12.0,44.8,777.3285714285714,240.6,829.4,22.4
California,Milpitas,"68,433",118.4,1.5,16.1,49.7,51.1,777.3285714285714,485.1,798.0586206896552,498.3
California,Mission Viejo,"95,599",76.4,5.49954128440367,3.1,29.3,43.9,777.3285714285714,225.9,979.1,47.1
Texas,Mission,"80,557",129.1,3.7,7.4,57.1,60.8,777.3285714285714,525.1,798.0586206896552,197.4
Montana,Missoula,"67,758",326.2,5.49954128440367,36.9,48.7,240.6,777.3285714285714,557.9,798.0586206896552,155.0
Texas,Missouri City,"70,819",121.4,5.49954128440367,11.3,48.0,62.1,777.3285714285714,309.2,865.6,66.4
California,Montebello,"63,538",229.8,4.7,6.3,105.4,113.3,777.3285714285714,521.5048780487805,978.9,684.6
California,Monterey Park,"61,270",122.4,6.5,1.6,68.5,45.7,777.3285714285714,406.4,899.3,362.3
South Carolina,Mount Pleasant,"70,016",218.5,5.49954128440367,7.1,8.6,202.8,777.3285714285714,245.7,798.0586206896552,82.8
New York,Mount Vernon,"68,146",899.5,14.7,20.5,330.2,534.1,777.3285714285714,475.4,798.0586206896552,198.1
California,Mountain View,"75,933",204.1,5.49954128440367,6.6,44.8,152.8,777.3285714285714,234.4,798.0586206896552,150.1
Indiana,Muncie,"70,300",367.0,1.4,12.8,140.8,211.9,777.3285714285714,981.5,798.0586206896552,288.8
Idaho,Nampa,"83,316",243.7,2.4,52.8,24.0,164.4,777.3285714285714,612.1,798.0586206896552,96.0
California,Napa,"78,589",274.8,2.5,21.6,49.6,201.0,777.3285714285714,444.1,798.0586206896552,281.2
New Hampshire,Nashua,"86,870",234.8,5.49954128440367,42.6,55.3,137.0,777.3285714285714,431.7,798.0586206896552,96.7
Massachusetts,New Bedford,"96,031",342.0057553956834,2.1,56.2,283.2,731.0,777.3285714285714,967.4,798.0586206896552,313.4
Texas,New Braunfels,"60,482",190.1,1.7,31.4,44.6,112.4,777.3285714285714,496.0,798.0586206896552,152.1
Connecticut,New Britain,"73,458",431.5,4.1,6.8,243.7,177.0,777.3285714285714,521.5048780487805,798.0586206896552,535.0
New York,New Rochelle,"78,025",232.0,5.49954128440367,3.8,116.6,111.5,777.3285714285714,230.7,798.0586206896552,83.3
California,Newport Beach,"87,286",115.7,1.1,12.6,30.9,71.0,777.3285714285714,509.8,798.0586206896552,108.8
Massachusetts,Newton,"86,710",87.6,5.49954128440367,5.8,19.6,62.3,777.3285714285714,213.4,799.2,18.5
New Jersey,North Bergen Township,"61,747",144.1,3.2,11.3,58.3,71.3,777.3285714285714,200.8,803.3,179.8
Arkansas,North Little Rock,"63,125",711.3,12.7,14.3,280.4,404.0,777.3285714285714,521.5048780487805,798.0586206896552,590.9
Florida,North Miami,"60,964",854.6,4.9,34.4,351.0,464.2,777.3285714285714,521.5048780487805,798.0586206896552,490.5
Texas,North Richland Hills,"65,750",258.6,1.5,27.4,35.0,194.7,777.3285714285714,457.8,798.0586206896552,115.6
Pennsylvania,Northern York Regional,"66,974",98.5,3.0,4.5,20.9,70.2,777.3285714285714,150.8,798.0586206896552,62.7
Connecticut,Norwalk,"86,693",313.8,3.5,10.4,78.4,221.5,777.3285714285714,288.4,798.0586206896552,128.0
Missouri,O'Fallon,"80,670",91.7,2.5,6.2,5.0,78.1,777.3285714285714,155.0,798.0586206896552,26.0
Utah,Ogden,"85,083",414.9,2.4,29.4,112.8,270.3,777.3285714285714,862.7,798.0586206896552,253.9
New Jersey,Old Bridge Township,"66,057",84.8,3.0,3.0,22.7,56.0,777.3285714285714,216.5,798.0586206896552,89.3
Utah,Orem,"91,953",44.6,2.2,12.0,22.8,7.6,777.3285714285714,220.8,798.0586206896552,84.8
Wisconsin,Oshkosh,"66,514",287.2,5.49954128440367,19.5,27.1,240.6,777.3285714285714,511.2,798.0586206896552,55.6
Illinois,Palatine,"68,890",42.1,1.5,8.7,11.6,20.3,777.3285714285714,47.9,798.0586206896552,30.5
California,Palo Alto,"66,019",80.3,5.49954128440367,6.1,39.4,34.8,777.3285714285714,495.3,798.0586206896552,72.7
Ohio,Parma,"80,963",69.2,5.49954128440367,4.9,17.3,46.9,557.0,58.1,491.6,7.4
Washington,Pasco,"63,806",304.0,1.6,20.4,64.3,217.8,777.3285714285714,656.7,798.0586206896552,263.3
New Jersey,Passaic,"70,237",730.4,8.5,2.8,330.3,388.7,777.3285714285714,625.0,798.0586206896552,223.5
Rhode Island,Pawtucket,"71,085",405.1,5.6,49.2,113.9,236.3,777.3285714285714,955.2,798.0586206896552,530.4
Texas,Pearland,"94,702",129.9,1.1,19.0,29.6,80.3,777.3285714285714,292.5,798.0586206896552,87.6
California,Perris,"70,616",339.9,4.2,8.5,133.1,194.0,777.3285714285714,691.1,798.0586206896552,672.7
Texas,Pharr,"73,599",366.9,5.49954128440367,19.0,59.8,288.0,777.3285714285714,750.0,798.0586206896552,195.7
California,Pico Rivera,"63,988",407.9,1.6,9.4,143.8,253.2,777.3285714285714,545.4,798.0586206896552,575.1
California,Pittsburg,"64,890",234.2,4.6,9.2,127.9,92.5,777.3285714285714,521.5048780487805,798.0586206896552,835.3
Florida,Plantation,"87,705",317.0,4.6,12.5,144.8,155.1,777.3285714285714,800.4,798.0586206896552,215.5
California,Pleasanton,"71,875",68.2,1.4,5.6,25.0,36.2,777.3285714285714,229.6,798.0586206896552,165.6
Minnesota,Plymouth,"72,020",342.0057553956834,5.49954128440367,28.092157534246574,19.4,26.4,777.3285714285714,358.2,798.0586206896552,43.0
Maine,Portland,"66,413",260.5,1.5,49.7,123.5,85.8,777.3285714285714,618.9,798.0586206896552,123.5
Virginia,Portsmouth,"96,739",476.5,11.4,42.4,188.1,234.7,777.3285714285714,521.5048780487805,798.0586206896552,218.1
Massachusetts,Quincy,"93,736",427.8,5.49954128440367,33.1,89.6,305.1,777.3285714285714,528.1,798.0586206896552,123.8
Wisconsin,Racine,"79,055",473.1,5.1,39.2,266.9,161.9,777.3285714285714,521.5048780487805,798.0586206896552,164.4
New York,Ramapo Town,"85,448",93.6,5.49954128440367,5.9,15.2,72.6,837.9,160.3,658.9,18.7
California,Rancho Cordova,"66,214",593.5,13.6,42.3,169.1,368.5,777.3285714285714,635.8,798.0586206896552,486.3
South Dakota,Rapid City,"69,979",607.3,5.7,158.6,78.6,364.4,777.3285714285714,844.5,798.0586206896552,328.7
Pennsylvania,Reading,"88,557",935.0,16.9,49.7,431.4,437.0,777.3285714285714,521.5048780487805,798.0586206896552,605.3
California,Redding,"90,974",774.9,3.3,72.5,144.0,555.1,777.3285714285714,521.5048780487805,798.0586206896552,551.8
California,Redlands,"70,399",313.9,2.8,21.3,106.5,183.2,777.3285714285714,863.6,798.0586206896552,568.2
California,Redondo Beach,"67,856",280.0,5.9,8.8,75.2,190.1,777.3285714285714,392.0,798.0586206896552,157.7
California,Redwood City,"78,466",265.1,5.49954128440367,16.6,112.2,136.4,777.3285714285714,670.4,798.0586206896552,195.0
Washington,Renton,"93,722",302.0,2.1,28.8,122.7,148.3,777.3285714285714,957.1,798.0586206896552,658.3
New Mexico,Rio Rancho,"89,462",225.8,2.2,25.7,23.5,174.4,777.3285714285714,406.9,798.0586206896552,173.3
Virginia,Roanoke,"97,780",554.3,9.2,40.9,144.2,360.0,777.3285714285714,961.3,798.0586206896552,253.6
South Carolina,Rock Hill,"68,064",656.7,11.8,52.9,164.6,427.5,777.3285714285714,592.1,798.0586206896552,240.9
Georgia,Roswell,"92,141",143.3,1.1,7.6,68.4,66.2,777.3285714285714,433.0,798.0586206896552,102.0
California,San Clemente,"65,089",115.2,5.49954128440367,9.2,36.9,69.1,777.3285714285714,268.9,926.4,93.7
California,San Leandro,"86,869",503.1,2.3,17.3,312.0,171.5,777.3285714285714,804.7,798.0586206896552,911.7
California,San Marcos,"85,810",264.5,2.3,12.8,66.4,183.0,777.3285714285714,426.5,798.0586206896552,266.9
California,San Mateo,"99,303",262.8,5.49954128440367,13.1,81.6,168.2,777.3285714285714,287.0,798.0586206896552,144.0
California,San Ramon,"74,013",60.8,5.49954128440367,4.1,17.6,39.2,777.3285714285714,197.3,855.3,95.9
Georgia,Sandy Springs,"97,890",191.0,3.1,5.1,100.1,82.7,777.3285714285714,724.3,798.0586206896552,173.7
Utah,Sandy,"90,405",162.6,2.2,26.5,38.7,95.1,777.3285714285714,501.1,798.0586206896552,157.1
California,Santa Barbara,"89,871",403.9,5.49954128440367,59.0,105.7,239.2,777.3285714285714,620.9,798.0586206896552,148.0
California,Santa Cruz,"60,902",711.0,4.9,55.8,136.3,513.9,777.3285714285714,865.3,798.0586206896552,433.5
New Mexico,Santa Fe,"68,751",481.4,2.9,21.8,158.5,298.2,777.3285714285714,521.5048780487805,798.0586206896552,253.1
California,Santa Monica,"91,215",433.0,2.2,25.2,165.5,240.1,777.3285714285714,642.4,798.0586206896552,195.1
Illinois,Schaumburg,"74,585",91.2,5.49954128440367,17.4,24.1,49.6,777.3285714285714,266.8,798.0586206896552,83.1
New York,Schenectady,"66,631",939.5,10.5,48.0,298.7,582.3,777.3285714285714,521.5048780487805,798.0586206896552,213.1
Pennsylvania,Scranton,"76,118",331.1,5.49954128440367,30.2,169.5,131.4,777.3285714285714,842.1,798.0586206896552,152.4
Kansas,Shawnee,"63,542",133.8,5.49954128440367,17.3,18.9,97.6,777.3285714285714,239.2,798.0586206896552,218.8
Michigan,Shelby Township,"73,960",116.3,5.49954128440367,27.0,12.2,77.1,777.3285714285714,220.4,798.0586206896552,59.5
Iowa,Sioux City,"83,289",329.0,2.4,36.0,55.2,235.3,777.3285714285714,745.6,798.0586206896552,244.9
Illinois,Skokie,"65,096",205.8,5.49954128440367,26.1,56.8,122.9,777.3285714285714,436.3,798.0586206896552,93.7
Massachusetts,Somerville,"77,200",348.4,5.49954128440367,29.8,106.2,212.4,777.3285714285714,450.8,798.0586206896552,165.8
California,South Gate,"95,966",576.2,9.4,15.6,276.1,275.1,777.3285714285714,427.2,798.0586206896552,956.6
California,South San Francisco,"65,006",170.8,5.49954128440367,18.5,44.6,107.7,777.3285714285714,540.0,798.0586206896552,289.2
Michigan,Southfield,"72,253",487.2,2.8,47.1,188.2,249.1,777.3285714285714,865.0,798.0586206896552,545.3
Nevada,Sparks,"92,387",253.3,1.1,34.6,73.6,144.0,777.3285714285714,659.2,798.0586206896552,259.8
Washington,Spokane Valley,"91,164",215.0,1.1,34.0,73.5,106.4,777.3285714285714,975.2,798.0586206896552,473.9
Arkansas,Springdale,"71,668",463.2,1.4,79.5,41.9,340.5,777.3285714285714,637.7,798.0586206896552,203.7
Ohio,Springfield,"60,329",618.3,8.3,63.0,295.0,252.0,777.3285714285714,521.5048780487805,798.0586206896552,283.4
Oregon,Springfield,"60,119",173.0,5.49954128440367,28.3,49.9,94.8,777.3285714285714,687.0,798.0586206896552,377.6
Missouri,St. Charles,"66,723",151.4,1.5,10.5,34.5,104.9,777.3285714285714,332.7,798.0586206896552,95.9
Utah,St. George,"75,780",204.5,5.49954128440367,35.6,30.4,138.6,777.3285714285714,405.1,798.0586206896552,114.8
Missouri,St. Joseph,"77,330",417.7,1.3,28.4,117.7,270.3,777.3285714285714,521.5048780487805,798.0586206896552,479.8
Texas,Sugar Land,"82,924",131.4,5.49954128440367,4.8,44.6,82.0,777.3285714285714,348.5,798.0586206896552,42.2
Florida,Sunrise,"87,168",263.9,1.1,21.8,107.8,133.1,777.3285714285714,916.6,798.0586206896552,164.1
Florida,Tamarac,"62,382",306.2,8.0,20.8,118.6,158.7,777.3285714285714,979.4,798.0586206896552,157.1
Michigan,Taylor,"62,534",484.5,1.6,49.6,95.9,337.4,777.3285714285714,900.3,798.0586206896552,406.2
Texas,Temple,"68,194",296.2,1.5,32.3,108.5,154.0,777.3285714285714,521.5048780487805,798.0586206896552,130.5
Indiana,Terre Haute,"61,152",312.3,6.5,47.4,139.0,119.4,777.3285714285714,521.5048780487805,798.0586206896552,462.8
New Jersey,Toms River Township,"92,131",87.9,1.1,3.3,43.4,40.2,777.3285714285714,694.7,798.0586206896552,41.2
California,Tracy,"85,047",170.5,4.7,9.4,77.6,78.8,777.3285714285714,333.9,798.0586206896552,337.5
New Jersey,Trenton,"85,317",342.0057553956834,28.1,27.0,676.3,734.9,777.3285714285714,521.5048780487805,798.0586206896552,549.7
Michigan,Troy,"81,567",73.6,2.5,11.0,15.9,44.1,777.3285714285714,221.9,798.0586206896552,131.2
California,Tulare,"60,848",617.9,9.9,16.4,116.7,475.0,777.3285714285714,521.5048780487805,798.0586206896552,545.6
California,Turlock,"69,730",638.2,2.9,28.7,139.1,467.5,777.3285714285714,894.9,798.0586206896552,730.0
Alabama,Tuscaloosa,"91,973",519.7,4.3,40.2,184.8,290.3,777.3285714285714,521.5048780487805,798.0586206896552,219.6
California,Tustin,"77,400",147.3,5.49954128440367,14.2,46.5,86.6,777.3285714285714,310.1,798.0586206896552,169.3
California,Union City,"71,089",330.6,5.49954128440367,12.7,144.9,173.0,777.3285714285714,604.9,798.0586206896552,431.9
New Jersey,Union City,"67,518",370.3,1.5,3.0,157.0,208.8,777.3285714285714,356.9,798.0586206896552,197.0
California,Upland,"75,531",195.9,5.49954128440367,10.6,88.7,96.6,777.3285714285714,838.1,798.0586206896552,484.6
Pennsylvania,Upper Darby Township,"82,978",623.1,3.6,19.3,325.4,274.8,777.3285714285714,268.7,798.0586206896552,136.2
New York,Utica,"62,445",658.2,1.6,36.8,201.8,418.0,777.3285714285714,946.4,798.0586206896552,158.5
California,Vacaville,"93,951",261.8,3.2,25.5,77.7,155.4,777.3285714285714,339.5,798.0586206896552,183.1
Texas,Victoria,"64,076",632.1,7.8,48.4,73.4,502.5,777.3285714285714,927.0,798.0586206896552,160.7
New Jersey,Vineland,"61,252",367.3,1.6,11.4,107.8,246.5,777.3285714285714,521.5048780487805,798.0586206896552,70.2
California,Vista,"96,087",483.9,1.0,26.0,149.9,307.0,777.3285714285714,455.8,798.0586206896552,342.4
California,Walnut Creek,"65,816",127.6,5.49954128440367,4.6,28.9,94.2,777.3285714285714,677.6,798.0586206896552,214.2
Massachusetts,Waltham,"61,725",236.5,5.49954128440367,19.4,38.9,178.2,777.3285714285714,309.4,988.3,77.8
Georgia,Warner Robins,"69,231",528.7,8.7,30.3,203.7,286.0,777.3285714285714,521.5048780487805,798.0586206896552,213.8
Rhode Island,Warwick,"82,282",124.0,1.2,18.2,35.2,69.3,777.3285714285714,405.9,798.0586206896552,115.5
Michigan,Waterford Township,"72,224",195.2,5.49954128440367,26.3,44.3,124.6,777.3285714285714,412.6,798.0586206896552,131.5
Iowa,Waterloo,"68,919",682.0,5.8,92.9,100.1,483.2,777.3285714285714,521.5048780487805,798.0586206896552,139.3
Illinois,Waukegan,"89,468",469.4,2.2,52.5,178.8,235.8,777.3285714285714,698.6,798.0586206896552,71.5
Wisconsin,Waukesha,"71,049",150.6,1.4,36.6,33.8,78.8,777.3285714285714,327.9,798.0586206896552,45.0
Wisconsin,West Allis,"60,870",313.8,5.49954128440367,18.1,159.4,136.4,777.3285714285714,906.9,798.0586206896552,216.9
Michigan,West Bloomfield Township,"65,157",55.3,3.1,3.1,13.8,35.3,777.3285714285714,227.1,813.4,18.4
Connecticut,West Hartford,"63,487",72.5,5.49954128440367,3.2,55.1,14.2,777.3285714285714,382.8,798.0586206896552,163.8
Michigan,Westland,"83,299",405.8,1.2,73.2,96.0,235.3,777.3285714285714,690.3,798.0586206896552,396.2
California,Westminster,"91,908",309.0,2.2,9.8,95.7,201.3,777.3285714285714,507.0,798.0586206896552,351.4
Florida,Weston,"67,452",91.9,3.0,7.4,20.8,60.8,980.0,219.4,730.9,29.7
California,Whittier,"86,740",284.8,5.49954128440367,11.5,93.4,179.8,777.3285714285714,517.6,798.0586206896552,340.1
Delaware,Wilmington,"72,088",342.0057553956834,36.1,47.2,657.5,962.7,777.3285714285714,521.5048780487805,798.0586206896552,506.3
Minnesota,Woodbury,"63,190",342.0057553956834,5.49954128440367,28.092157534246574,11.1,17.4,777.3285714285714,305.4,798.0586206896552,76.0
Washington,Yakima,"93,419",605.9,11.8,55.7,162.7,375.7,777.3285714285714,521.5048780487805,798.0586206896552,246.1325657894737
California,Yorba Linda,"65,820",80.5,5.49954128440367,4.6,16.7,59.3,777.3285714285714,338.8,808.3,48.6
Pennsylvania,York Area Regional,"60,732",120.2,1.6,23.1,26.3,69.2,777.3285714285714,260.2,759.1,32.9
Ohio,Youngstown,"66,567",342.0057553956834,33.0,58.6,366.5,569.4,777.3285714285714,521.5048780487805,798.0586206896552,414.6
California,Yuba City,"65,653",376.2,6.1,33.5,65.5,271.1,777.3285714285714,763.1,798.0586206896552,280.3
Arizona,Yuma,"95,568",531.6,5.2,28.3,63.8,434.2,777.3285714285714,999.3,798.0586206896552,246.9
